6523; 0
5; 0
2; 0
2; 0
1; 0
3; 0
2; 0
3; 0
2; 0
1; 0
1; 0
2; 0
0; 0
0; 0
1; 0
3; 0
1; 0
0; 0
0; 0
0; 0
1; 0
1; 0
0; 0
1; 0
0; 0
0; 0
1; 0
0; 0
1; 0
1; 0
0; 0
0; 0
0; 0
0; 2
0; 1
0; 0
0; 0
0; 1
0; 1
0; 3
0; 5
0; 6
0; 5
0; 6
0; 4
1; 7
0; 8
0; 11
0; 29
0; 62
0; 83
0; 104
0; 128
1; 104
0; 71
0; 28
0; 14
0; 8
0; 7
1; 9
0; 11
0; 10
1; 15
0; 21
0; 15
0; 16
0; 26
0; 23
0; 20
1; 45
0; 59
1; 69
0; 91
0; 115
0; 128
0; 121
0; 144
0; 137
0; 160
0; 171
0; 204
0; 233
0; 237
1; 326
0; 364
0; 429
0; 444
0; 521
0; 559
0; 681
0; 776
1; 938
0; 1032
0; 1170
0; 1438
0; 1592
0; 1772
0; 1970
0; 2148
0; 2323
0; 2440
0; 2224
0; 2220
0; 2016
2; 1981
0; 2117
0; 2616
1; 2678
0; 2575
0; 2107
0; 1392
0; 847
0; 428
0; 205
0; 107
1; 53
0; 15
0; 7
0; 5
0; 3
0; 1
1; 2
0; 1
0; 0
0; 0
0; 0
0; 0
0; 0
2; 0
0; 0
0; 0
0; 0
0; 0
0; 0
0; 0
0; 0
0; 0
1; 0
0; 0
0; 0
0; 0
0; 0
0; 0
0; 0
1; 0
0; 0
0; 0
0; 0
0; 0
0; 0
0; 0
0; 0
0; 0
0; 0
0; 0
0; 0
0; 0
0; 0
0; 0
0; 0
1; 0
0; 0
0; 0
0; 0
0; 0
0; 0
0; 0
0; 0
0; 0
0; 0
0; 0
1; 0
0; 0
0; 0
0; 0
0; 0
0; 0
0; 0
0; 0
0; 0
0; 0
0; 0
0; 0
0; 0
0; 0
0; 0
0; 0
0; 0
0; 0
0; 0
0; 0
0; 0
0; 0
0; 0
0; 0
0; 0
0; 0
0; 0
0; 0
0; 0
0; 0
0; 0
0; 0
0; 0
1; 0
1; 0
0; 0
0; 0
0; 0
0; 0
0; 0
0; 0
0; 0
0; 0
0; 0
0; 0
0; 0
0; 0
0; 0
0; 0
0; 0
0; 0
0; 0
0; 0
0; 0
0; 0
0; 0
0; 0
0; 0
0; 0
0; 0
0; 0
0; 0
1; 0
0; 0
0; 0
0; 0
1; 0
0; 0
0; 0
0; 0
0; 0
0; 0
0; 0
0; 0
0; 0
0; 0
0; 0
0; 0
0; 0
0; 0
0; 0
0; 0
0; 0
0; 0
0; 0
0; 0
0; 0
0; 0
0; 0
0; 0
0; 0
0; 0
0; 0
0; 0
0; 0
0; 0
0; 0
0; 0
0; 0
0; 0
0; 0
0; 0
0; 0
0; 0
0; 0
0; 0
0; 0
0; 0
0; 0
0; 0
0; 0
0; 0
0; 0
0; 0
0; 0
0; 0
0; 0
0; 0
0; 0
0; 0
0; 0
0; 0
0; 0
0; 0
0; 0
0; 0
0; 0
0; 0
0; 0
0; 0
0; 0
0; 0
0; 0
0; 0
0; 0
0; 0
0; 0
0; 0
0; 0
0; 0
0; 0
0; 0
0; 0
0; 0
0; 0
0; 0
0; 0
0; 0
0; 0
0; 0
0; 0
0; 0
0; 0
0; 0
0; 0
1; 0
0; 0
0; 0
0; 0
0; 0
0; 0
0; 0
0; 0
0; 0
0; 0
0; 0
0; 0
0; 0
0; 0
0; 0
0; 0
0; 0
0; 0
0; 0
0; 0
0; 0
0; 0
0; 0
0; 0
0; 0
0; 0
0; 0
0; 0
0; 0
0; 0
0; 0
0; 0
0; 0
0; 0
0; 0
0; 0
0; 0
0; 0
1; 0
0; 0
0; 0
0; 0
0; 0
0; 0
0; 0
0; 0
0; 0
0; 0
0; 0
0; 0
0; 0
0; 0
0; 0
0; 0
0; 0
0; 0
0; 0
0; 0
0; 0
0; 0
0; 0
0; 0
0; 0
0; 0
0; 0
0; 0
0; 0
0; 0
0; 0
0; 0
0; 0
0; 0
0; 0
0; 0
0; 0
0; 0
0; 0
0; 0
0; 0
0; 0
0; 0
0; 0
0; 0
0; 0
0; 0
0; 0
0; 0
0; 0
0; 0
0; 0
0; 0
0; 0
0; 0
0; 0
0; 0
0; 0
0; 0
0; 0
0; 0
0; 0
0; 0
0; 0
1; 0
1; 0
0; 0
0; 0
0; 0
0; 0
0; 0
0; 0
0; 0
0; 0
0; 0
0; 0
0; 0
0; 0
0; 0
0; 0
1; 0
0; 0
0; 0
0; 0
0; 0
0; 0
0; 0
0; 0
0; 0
0; 0
0; 0
0; 0
0; 0
0; 0
0; 0
0; 0
0; 0
0; 0
0; 0
0; 0
0; 0
0; 0
0; 0
0; 0
0; 0
0; 0
0; 0
0; 0
0; 0
0; 0
0; 0
0; 0
0; 0
0; 0
0; 0
0; 0
0; 0
0; 0
0; 0
0; 0
0; 0
0; 0
0; 0
0; 0
0; 0
0; 0
0; 0
0; 0
0; 0
0; 0
0; 0
0; 0
0; 0
0; 0
0; 0
0; 0
0; 0
0; 0
0; 0
0; 0
0; 0
0; 0
0; 0
0; 0
0; 0
0; 0
0; 0
0; 0
0; 0
0; 0
0; 0
0; 0
0; 0
0; 0
0; 0
0; 0
0; 0
1; 0
0; 0
0; 0
0; 0
0; 0
0; 0
0; 0
0; 0
0; 0
0; 0
0; 0
0; 0
0; 0
0; 0
0; 0
0; 0
0; 0
0; 0
0; 0
0; 0
0; 0
0; 0
0; 0
0; 0
0; 0
0; 0
0; 0
0; 0
0; 0
0; 0
0; 0
0; 0
0; 0
0; 0
0; 0
0; 0
0; 0
0; 0
1; 0
0; 0
0; 0
0; 0
0; 0
0; 0
0; 0
0; 0
0; 0
0; 0
0; 0
0; 0
0; 0
0; 0
0; 0
0; 0
0; 0
0; 0
0; 0
0; 0
0; 0
0; 0
0; 0
0; 0
0; 0
0; 0
0; 0
0; 0
0; 0
0; 0
0; 0
0; 0
0; 0
0; 0
0; 0
0; 0
0; 0
0; 0
0; 0
0; 0
0; 0
0; 0
0; 0
0; 0
0; 0
0; 0
0; 0
0; 0
0; 0
0; 0
0; 0
0; 0
0; 0
0; 0
0; 0
0; 0
0; 0
0; 0
0; 0
0; 0
0; 0
0; 0
0; 0
0; 0
0; 0
0; 0
0; 0
0; 0
0; 0
0; 0
0; 0
0; 0
0; 0
0; 0
0; 0
0; 0
0; 0
0; 0
0; 0
0; 0
0; 0
0; 0
0; 0
0; 0
0; 0
0; 0
0; 0
0; 0
0; 0
0; 0
0; 0
0; 0
0; 0
0; 0
0; 0
0; 0
0; 0
0; 0
0; 0
0; 0
0; 0
0; 0
0; 0
0; 0
0; 0
0; 0
0; 0
0; 0
0; 0
0; 0
0; 0
0; 0
0; 0
0; 0
0; 0
0; 0
0; 0
0; 0
0; 0
0; 0
0; 0
0; 0
1; 0
0; 0
0; 0
0; 0
0; 0
0; 0
0; 0
0; 0
0; 0
0; 0
0; 0
0; 0
0; 0
0; 0
0; 0
0; 0
0; 0
0; 0
0; 0
0; 0
0; 0
0; 0
0; 0
0; 0
0; 0
0; 0
0; 0
0; 0
0; 0
0; 0
0; 0
0; 0
0; 0
0; 0
0; 0
0; 0
0; 0
0; 0
0; 0
0; 0
0; 0
0; 0
0; 0
0; 0
0; 0
0; 0
0; 0
0; 0
0; 0
0; 0
0; 0
0; 0
0; 0
0; 0
0; 0
0; 0
0; 0
0; 0
0; 0
0; 0
0; 0
0; 0
0; 0
0; 0
0; 0
0; 0
0; 0
0; 0
0; 0
0; 0
0; 0
0; 0
0; 0
0; 0
0; 0
0; 0
0; 0
0; 0
0; 0
0; 0
0; 0
0; 0
0; 0
0; 0
0; 0
0; 0
0; 0
0; 0
0; 0
0; 0
0; 0
0; 0
0; 0
0; 0
0; 0
1; 0
0; 0
0; 0
0; 0
0; 0
0; 0
0; 0
0; 0
0; 0
0; 0
0; 0
0; 0
0; 0
0; 0
0; 0
0; 0
0; 0
0; 0
0; 0
0; 0
0; 0
0; 0
0; 0
0; 0
0; 0
0; 0
0; 0
0; 0
0; 0
0; 0
0; 0
0; 0
0; 0
0; 0
0; 0
0; 0
0; 0
0; 0
0; 0
0; 0
0; 0
0; 0
0; 0
0; 0
0; 0
0; 0
0; 0
0; 0
0; 0
0; 0
0; 0
0; 0
0; 0
0; 0
0; 0
0; 0
0; 0
0; 0
0; 0
0; 0
0; 0
0; 0
0; 0
0; 0
0; 0
0; 0
0; 0
0; 0
0; 0
0; 0
0; 0
1; 0
0; 0
0; 0
0; 0
0; 0
0; 0
0; 0
0; 0
0; 0
0; 0
0; 0
0; 0
0; 0
0; 0
0; 0
0; 0
0; 0
0; 0
0; 0
0; 0
0; 0
0; 0
0; 0
0; 0
0; 0
0; 0
0; 0
0; 0
0; 0
0; 0
0; 0
0; 0
0; 0
0; 0
0; 0
0; 0
0; 0
0; 0
0; 0
0; 0
0; 0
0; 0
0; 0
0; 0
0; 0
0; 0
0; 0
0; 0
0; 0
0; 0
0; 0
0; 0
0; 0
0; 0
0; 0
0; 0
0; 0
0; 0
0; 0
0; 0
0; 0
0; 0
0; 0
0; 0
0; 0
0; 0
0; 0
0; 0
0; 0
0; 0
0; 0
0; 0
0; 0
0; 0
0; 0
0; 0
0; 0
0; 0
0; 0
0; 0
0; 0
0; 0
0; 0
0; 0
0; 0
0; 0
0; 0
0; 0
0; 0
0; 0
0; 0
1; 0
0; 0
0; 0
0; 0
0; 0
0; 0
0; 0
0; 0
0; 0
0; 0
0; 0
0; 0
0; 0
0; 0
0; 0
0; 0
0; 0
0; 0
0; 0
0; 0
0; 0
0; 0
0; 0
0; 0
0; 0
0; 0
0; 0
0; 0
0; 0
0; 0
0; 0
0; 0
0; 0
0; 0
0; 0
0; 0
0; 0
0; 0
0; 0
0; 0
0; 0
0; 0
0; 0
0; 0
0; 0
0; 0
0; 0
0; 0
0; 0
0; 0
0; 0
0; 0
0; 0
0; 0
0; 0
0; 0
0; 0
0; 0
0; 0
0; 0
0; 0
0; 0
0; 0
0; 0
0; 0
0; 0
0; 0
0; 0
0; 0
0; 0
0; 0
0; 0
0; 0
0; 0
0; 0
0; 0
0; 0
0; 0
0; 0
0; 0
0; 0
0; 0
0; 0
0; 0
0; 0
0; 0
0; 0
0; 0
0; 0
0; 0
0; 0
0; 0
0; 0
0; 0
1; 0
0; 0
0; 0
0; 0
0; 0
0; 0
0; 0
0; 0
0; 0
0; 0
0; 0
0; 0
0; 0
0; 0
0; 0
0; 0
0; 0
0; 0
0; 0
0; 0
0; 0
0; 0
0; 0
0; 0
0; 0
0; 0
0; 0
0; 0
0; 0
0; 0
0; 0
0; 0
0; 0
0; 0
0; 0
0; 0
0; 0
0; 0
0; 0
0; 0
0; 0
0; 0
0; 0
0; 0
0; 0
0; 0
0; 0
0; 0
0; 0
0; 0
0; 0
0; 0
0; 0
0; 0
0; 0
0; 0
0; 0
0; 0
0; 0
0; 0
0; 0
0; 0
0; 0
0; 0
0; 0
0; 0
0; 0
0; 0
0; 0
0; 0
0; 0
0; 0
0; 0
0; 0
0; 0
0; 0
0; 0
0; 0
0; 0
0; 0
0; 0
0; 0
0; 0
0; 0
0; 0
0; 0
0; 0
0; 0
0; 0
0; 0
0; 0
0; 0
0; 0
0; 0
0; 0
0; 0
0; 0
0; 0
0; 0
0; 0
0; 0
0; 0
0; 0
0; 0
0; 0
0; 0
0; 0
0; 0
0; 0
0; 0
0; 0
0; 0
0; 0
0; 0
0; 0
0; 0
0; 0
0; 0
0; 0
0; 0
0; 0
0; 0
0; 0
0; 0
0; 0
0; 0
0; 0
0; 0
0; 0
0; 0
0; 0
0; 0
0; 0
0; 0
0; 0
0; 0
0; 0
0; 0
1; 0
0; 0
0; 0
0; 0
0; 0
0; 0
0; 0
0; 0
0; 0
0; 0
0; 0
0; 0
0; 0
0; 0
0; 0
0; 0
0; 0
0; 0
0; 0
0; 0
0; 0
0; 0
0; 0
0; 0
0; 0
0; 0
0; 0
0; 0
0; 0
0; 0
0; 0
0; 0
0; 0
0; 0
0; 0
0; 0
0; 0
0; 0
0; 0
0; 0
0; 0
0; 0
0; 0
0; 0
0; 0
0; 0
0; 0
0; 0
0; 0
0; 0
0; 0
0; 0
0; 0
0; 0
0; 0
0; 0
0; 0
0; 0
0; 0
0; 0
0; 0
0; 0
0; 0
0; 0
0; 0
0; 0
0; 0
0; 0
0; 0
0; 0
0; 0
0; 0
0; 0
0; 0
0; 0
0; 0
0; 0
0; 0
0; 0
0; 0
0; 0
0; 0
0; 0
0; 0
0; 0
0; 0
0; 0
0; 0
0; 0
0; 0
0; 0
0; 0
0; 0
0; 0
0; 0
0; 0
0; 0
0; 0
0; 0
0; 0
0; 0
0; 0
0; 0
0; 0
0; 0
0; 0
0; 0
0; 0
0; 0
0; 0
0; 0
0; 0
0; 0
0; 0
0; 0
0; 0
0; 0
0; 0
0; 0
0; 0
0; 0
0; 0
0; 0
0; 0
0; 0
0; 0
0; 0
0; 0
0; 0
0; 0
0; 0
0; 0
0; 0
0; 0
0; 0
0; 0
0; 0
0; 0
0; 0
0; 0
0; 0
0; 0
0; 0
0; 0
0; 0
0; 0
0; 0
0; 0
0; 0
0; 0
0; 0
0; 0
0; 0
0; 0
0; 0
0; 0
0; 0
0; 0
0; 0
0; 0
0; 0
0; 0
0; 0
0; 0
0; 0
0; 0
0; 0
0; 0
0; 0
0; 0
0; 0
0; 0
0; 0
0; 0
0; 0
0; 0
0; 0
0; 0
0; 0
0; 0
0; 0
0; 0
0; 0
0; 0
0; 0
0; 0
0; 0
0; 0
0; 0
0; 0
0; 0
0; 0
0; 0
0; 0
0; 0
0; 0
0; 0
0; 0
0; 0
0; 0
0; 0
0; 0
0; 0
0; 0
0; 0
0; 0
0; 0
0; 0
0; 0
0; 0
0; 0
0; 0
0; 0
0; 0
0; 0
0; 0
0; 0
0; 0
0; 0
0; 0
0; 0
0; 0
1; 0
0; 0
0; 0
0; 0
0; 0
0; 0
0; 0
0; 0
0; 0
0; 0
0; 0
0; 0
0; 0
0; 0
0; 0
0; 0
0; 0
0; 0
0; 0
0; 0
0; 0
0; 0
0; 0
0; 0
0; 0
0; 0
0; 0
0; 0
0; 0
0; 0
0; 0
0; 0
0; 0
0; 0
0; 0
0; 0
0; 0
0; 0
0; 0
0; 0
0; 0
0; 0
0; 0
0; 0
0; 0
0; 0
1; 0
0; 0
0; 0
0; 0
0; 0
0; 0
0; 0
0; 0
0; 0
0; 0
0; 0
0; 0
0; 0
0; 0
0; 0
0; 0
0; 0
0; 0
0; 0
0; 0
0; 0
0; 0
0; 0
0; 0
0; 0
0; 0
0; 0
0; 0
0; 0
0; 0
0; 0
0; 0
0; 0
0; 0
0; 0
0; 0
0; 0
0; 0
0; 0
0; 0
0; 0
0; 0
0; 0
0; 0
0; 0
0; 0
0; 0
0; 0
0; 0
0; 0
0; 0
0; 0
0; 0
0; 0
0; 0
0; 0
0; 0
0; 0
0; 0
0; 0
0; 0
0; 0
0; 0
0; 0
0; 0
0; 0
0; 0
0; 0
0; 0
0; 0
0; 0
0; 0
0; 0
0; 0
0; 0
0; 0
0; 0
0; 0
0; 0
0; 0
0; 0
0; 0
0; 0
0; 0
0; 0
0; 0
0; 0
0; 0
0; 0
0; 0
0; 0
0; 0
0; 0
0; 0
0; 0
0; 0
0; 0
0; 0
0; 0
0; 0
0; 0
0; 0
0; 0
0; 0
0; 0
0; 0
0; 0
0; 0
0; 0
0; 0
0; 0
0; 0
0; 0
0; 0
0; 0
0; 0
0; 0
0; 0
0; 0
0; 0
0; 0
0; 0
0; 0
0; 0
0; 0
0; 0
0; 0
0; 0
0; 0
0; 0
0; 0
0; 0
0; 0
0; 0
0; 0
0; 0
0; 0
0; 0
0; 0
0; 0
0; 0
0; 0
0; 0
0; 0
0; 0
0; 0
0; 0
0; 0
0; 0
0; 0
0; 0
0; 0
0; 0
0; 0
1; 0
0; 0
0; 0
0; 0
0; 0
0; 0
0; 0
0; 0
0; 0
0; 0
0; 0
0; 0
0; 0
0; 0
0; 0
0; 0
0; 0
0; 0
0; 0
0; 0
0; 0
0; 0
0; 0
0; 0
0; 0
0; 0
0; 0
0; 0
0; 0
0; 0
0; 0
0; 0
0; 0
0; 0
0; 0
0; 0
0; 0
0; 0
0; 0
0; 0
0; 0
0; 0
0; 0
0; 0
0; 0
0; 0
0; 0
0; 0
0; 0
0; 0
0; 0
0; 0
0; 0
0; 0
0; 0
0; 0
0; 0
0; 0
0; 0
0; 0
0; 0
0; 0
0; 0
0; 0
0; 0
0; 0
0; 0
0; 0
0; 0
0; 0
0; 0
0; 0
0; 0
0; 0
0; 0
0; 0
0; 0
0; 0
0; 0
0; 0
0; 0
0; 0
0; 0
0; 0
0; 0
0; 0
0; 0
0; 0
0; 0
0; 0
0; 0
0; 0
0; 0
0; 0
0; 0
0; 0
0; 0
0; 0
0; 0
0; 0
0; 0
0; 0
0; 0
0; 0
0; 0
0; 0
0; 0
0; 0
0; 0
0; 0
0; 0
0; 0
0; 0
0; 0
0; 0
0; 0
0; 0
0; 0
0; 0
0; 0
0; 0
0; 0
0; 0
0; 0
0; 0
0; 0
0; 0
0; 0
0; 0
0; 0
0; 0
0; 0
0; 0
0; 0
0; 0
0; 0
0; 0
0; 0
0; 0
0; 0
0; 0
0; 0
0; 0
0; 0
0; 0
0; 0
0; 0
0; 0
0; 0
0; 0
0; 0
0; 0
0; 0
0; 0
0; 0
0; 0
0; 0
0; 0
0; 0
0; 0
0; 0
0; 0
0; 0
0; 0
0; 0
0; 0
0; 0
0; 0
0; 0
0; 0
0; 0
0; 0
0; 0
0; 0
0; 0
0; 0
0; 0
0; 0
0; 0
0; 0
1; 0
0; 0
0; 0
0; 0
0; 0
0; 0
0; 0
0; 0
0; 0
0; 0
0; 0
0; 0
0; 0
0; 0
0; 0
0; 0
0; 0
0; 0
0; 0
0; 0
0; 0
0; 0
0; 0
0; 0
0; 0
0; 0
0; 0
0; 0
0; 0
0; 0
0; 0
0; 0
0; 0
0; 0
0; 0
0; 0
0; 0
0; 0
0; 0
0; 0
0; 0
0; 0
0; 0
0; 0
0; 0
0; 0
0; 0
0; 0
0; 0
0; 0
0; 0
0; 0
0; 0
0; 0
0; 0
0; 0
0; 0
0; 0
0; 0
0; 0
0; 0
0; 0
0; 0
0; 0
0; 0
0; 0
0; 0
0; 0
0; 0
0; 0
0; 0
0; 0
0; 0
0; 0
0; 0
0; 0
0; 0
0; 0
0; 0
0; 0
0; 0
0; 0
0; 0
0; 0
0; 0
0; 0
0; 0
0; 0
0; 0
0; 0
0; 0
0; 0
0; 0
0; 0
0; 0
0; 0
0; 0
0; 0
0; 0
0; 0
0; 0
0; 0
0; 0
0; 0
0; 0
0; 0
0; 0
0; 0
0; 0
0; 0
0; 0
0; 0
0; 0
0; 0
0; 0
0; 0
0; 0
0; 0
0; 0
0; 0
0; 0
0; 0
0; 0
0; 0
0; 0
0; 0
0; 0
0; 0
0; 0
0; 0
0; 0
0; 0
0; 0
0; 0
0; 0
0; 0
0; 0
0; 0
0; 0
0; 0
0; 0
0; 0
0; 0
0; 0
0; 0
0; 0
0; 0
0; 0
0; 0
0; 0
0; 0
0; 0
0; 0
0; 0
0; 0
0; 0
0; 0
0; 0
0; 0
0; 0
0; 0
0; 0
0; 0
0; 0
0; 0
0; 0
0; 0
0; 0
0; 0
0; 0
0; 0
0; 0
0; 0
0; 0
0; 0
0; 0
0; 0
0; 0
0; 0
0; 0
0; 0
0; 0
0; 0
0; 0
0; 0
0; 0
0; 0
0; 0
0; 0
0; 0
0; 0
0; 0
0; 0
0; 0
0; 0
0; 0
0; 0
0; 0
1; 0
0; 0
0; 0
0; 0
0; 0
0; 0
0; 0
0; 0
0; 0
0; 0
0; 0
1; 0
0; 0
0; 0
0; 0
0; 0
0; 0
0; 0
0; 0
0; 0
0; 0
0; 0
0; 0
0; 0
0; 0
0; 0
0; 0
0; 0
0; 0
0; 0
0; 0
0; 0
0; 0
0; 0
0; 0
0; 0
0; 0
0; 0
0; 0
0; 0
0; 0
0; 0
0; 0
0; 0
0; 0
0; 0
1; 0
0; 0
0; 0
0; 0
0; 0
0; 0
0; 0
0; 0
0; 0
0; 0
0; 0
0; 0
0; 0
0; 0
0; 0
0; 0
0; 0
0; 0
0; 0
0; 0
0; 0
0; 0
0; 0
0; 0
0; 0
0; 0
0; 0
0; 0
0; 0
0; 0
0; 0
0; 0
0; 0
0; 0
0; 0
0; 0
0; 0
0; 0
0; 0
0; 0
0; 0
0; 0
0; 0
0; 0
0; 0
0; 0
0; 0
0; 0
0; 0
0; 0
0; 0
0; 0
0; 0
0; 0
0; 0
0; 0
0; 0
0; 0
0; 0
0; 0
0; 0
0; 0
0; 0
0; 0
0; 0
0; 0
0; 0
0; 0
0; 0
0; 0
0; 0
0; 0
0; 0
0; 0
0; 0
0; 0
0; 0
0; 0
0; 0
0; 0
0; 0
0; 0
0; 0
0; 0
0; 0
0; 0
0; 0
0; 0
0; 0
0; 0
0; 0
1; 0
0; 0
0; 0
0; 0
0; 0
0; 0
0; 0
0; 0
0; 0
0; 0
1; 0
0; 0
0; 0
0; 0
0; 0
0; 0
0; 0
0; 0
0; 0
0; 0
0; 0
0; 0
0; 0
0; 0
0; 0
0; 0
0; 0
0; 0
0; 0
0; 0
0; 0
0; 0
0; 0
0; 0
0; 0
0; 0
0; 0
0; 0
0; 0
0; 0
0; 0
1; 0
0; 0
0; 0
0; 0
0; 0
0; 0
0; 0
0; 0
0; 0
0; 0
0; 0
0; 0
0; 0
0; 0
0; 0
0; 0
0; 0
0; 0
0; 0
0; 0
0; 0
0; 0
0; 0
0; 0
0; 0
0; 0
0; 0
0; 0
0; 0
0; 0
0; 0
0; 0
0; 0
0; 0
0; 0
0; 0
0; 0
0; 0
0; 0
0; 0
0; 0
0; 0
0; 0
0; 0
0; 0
0; 0
0; 0
0; 0
0; 0
0; 0
0; 0
0; 0
0; 0
0; 0
0; 0
0; 0
0; 0
0; 0
0; 0
0; 0
0; 0
0; 0
0; 0
0; 0
0; 0
0; 0
0; 0
0; 0
0; 0
0; 0
0; 0
0; 0
1; 0
0; 0
0; 0
0; 0
1; 0
0; 0
0; 0
0; 0
0; 0
0; 0
0; 0
0; 0
0; 0
0; 0
0; 0
0; 0
0; 0
0; 0
0; 0
0; 0
0; 0
0; 0
0; 0
0; 0
0; 0
0; 0
0; 0
0; 0
0; 0
0; 0
0; 0
0; 0
0; 0
0; 0
0; 0
0; 0
0; 0
0; 0
0; 0
0; 0
0; 0
0; 0
0; 0
0; 0
0; 0
0; 0
0; 0
0; 0
0; 0
0; 0
0; 0
0; 0
0; 0
0; 0
0; 0
0; 0
0; 0
0; 0
0; 0
0; 0
0; 0
0; 0
0; 0
0; 0
0; 0
0; 0
0; 0
0; 0
0; 0
0; 0
0; 0
0; 0
0; 0
0; 0
0; 0
0; 0
0; 0
0; 0
0; 0
0; 0
0; 0
0; 0
0; 0
0; 0
0; 0
0; 0
0; 0
0; 0
0; 0
0; 0
0; 0
0; 0
0; 0
0; 0
0; 0
0; 0
0; 0
0; 0
0; 0
0; 0
0; 0
0; 0
0; 0
1; 0
0; 0
0; 0
0; 0
0; 0
0; 0
0; 0
0; 0
0; 0
0; 0
0; 0
0; 0
0; 0
0; 0
0; 0
0; 0
0; 0
0; 0
0; 0
0; 0
0; 0
0; 0
0; 0
0; 0
0; 0
0; 0
0; 0
0; 0
0; 0
0; 0
0; 0
0; 0
0; 0
0; 0
0; 0
0; 0
0; 0
0; 0
0; 0
0; 0
0; 0
0; 0
0; 0
0; 0
0; 0
0; 0
0; 0
0; 0
0; 0
0; 0
0; 0
0; 0
0; 0
0; 0
0; 0
0; 0
0; 0
0; 0
0; 0
0; 0
0; 0
0; 0
0; 0
0; 0
0; 0
0; 0
0; 0
0; 0
0; 0
0; 0
0; 0
0; 0
0; 0
0; 0
0; 0
0; 0
0; 0
0; 0
0; 0
0; 0
0; 0
0; 0
0; 0
0; 0
0; 0
0; 0
0; 0
0; 0
0; 0
0; 0
0; 0
0; 0
0; 0
0; 0
0; 0
0; 0
0; 0
0; 0
0; 0
0; 0
0; 0
0; 0
0; 0
0; 0
0; 0
0; 0
0; 0
0; 0
0; 0
0; 0
0; 0
0; 0
0; 0
0; 0
0; 0
0; 0
0; 0
1; 0
0; 0
0; 0
0; 0
0; 0
0; 0
0; 0
0; 0
0; 0
0; 0
0; 0
0; 0
0; 0
0; 0
0; 0
0; 0
0; 0
0; 0
0; 0
0; 0
0; 0
0; 0
0; 0
0; 0
0; 0
0; 0
0; 0
0; 0
0; 0
0; 0
0; 0
0; 0
0; 0
0; 0
0; 0
0; 0
0; 0
0; 0
0; 0
0; 0
0; 0
0; 0
0; 0
0; 0
0; 0
0; 0
0; 0
0; 0
0; 0
0; 0
0; 0
0; 0
0; 0
0; 0
0; 0
0; 0
0; 0
0; 0
0; 0
0; 0
0; 0
0; 0
0; 0
0; 0
0; 0
0; 0
0; 0
0; 0
0; 0
0; 0
0; 0
0; 0
0; 0
0; 0
0; 0
0; 0
0; 0
0; 0
0; 0
0; 0
0; 0
0; 0
0; 0
0; 0
0; 0
0; 0
0; 0
0; 0
0; 0
0; 0
0; 0
0; 0
0; 0
0; 0
0; 0
0; 0
0; 0
0; 0
0; 0
0; 0
0; 0
0; 0
0; 0
0; 0
0; 0
0; 0
0; 0
0; 0
0; 0
0; 0
0; 0
0; 0
0; 0
0; 0
0; 0
0; 0
0; 0
0; 0
0; 0
0; 0
0; 0
0; 0
0; 0
0; 0
0; 0
0; 0
0; 0
0; 0
0; 0
0; 0
0; 0
0; 0
0; 0
0; 0
0; 0
1; 0
0; 0
0; 0
0; 0
0; 0
0; 0
0; 0
0; 0
0; 0
0; 0
0; 0
0; 0
0; 0
0; 0
0; 0
0; 0
0; 0
0; 0
0; 0
0; 0
0; 0
0; 0
0; 0
0; 0
0; 0
0; 0
0; 0
0; 0
0; 0
0; 0
0; 0
0; 0
0; 0
0; 0
0; 0
0; 0
0; 0
0; 0
0; 0
0; 0
0; 0
1; 0
0; 0
0; 0
0; 0
0; 0
0; 0
0; 0
0; 0
0; 0
0; 0
0; 0
0; 0
0; 0
0; 0
0; 0
0; 0
0; 0
0; 0
0; 0
0; 0
0; 0
0; 0
0; 0
0; 0
0; 0
0; 0
0; 0
0; 0
0; 0
0; 0
0; 0
0; 0
0; 0
0; 0
0; 0
0; 0
0; 0
0; 0
0; 0
0; 0
0; 0
0; 0
0; 0
0; 0
0; 0
0; 0
0; 0
0; 0
0; 0
0; 0
0; 0
0; 0
0; 0
0; 0
0; 0
0; 0
0; 0
0; 0
0; 0
0; 0
0; 0
0; 0
1; 0
0; 0
0; 0
0; 0
0; 0
0; 0
0; 0
0; 0
0; 0
0; 0
0; 0
0; 0
0; 0
0; 0
0; 0
0; 0
0; 0
0; 0
0; 0
0; 0
0; 0
0; 0
0; 0
0; 0
0; 0
0; 0
0; 0
0; 0
0; 0
0; 0
0; 0
0; 0
0; 0
0; 0
0; 0
0; 0
0; 0
0; 0
0; 0
0; 0
0; 0
0; 0
0; 0
0; 0
0; 0
0; 0
0; 0
0; 0
0; 0
0; 0
0; 0
0; 0
0; 0
0; 0
0; 0
0; 0
0; 0
0; 0
0; 0
0; 0
0; 0
0; 0
0; 0
0; 0
0; 0
0; 0
0; 0
0; 0
0; 0
0; 0
0; 0
0; 0
0; 0
0; 0
0; 0
0; 0
0; 0
0; 0
0; 0
0; 0
0; 0
0; 0
0; 0
0; 0
0; 0
0; 0
0; 0
0; 0
0; 0
0; 0
0; 0
0; 0
0; 0
0; 0
0; 0
0; 0
0; 0
0; 0
0; 0
0; 0
0; 0
0; 0
0; 0
0; 0
0; 0
0; 0
0; 0
0; 0
0; 0
0; 0
0; 0
0; 0
0; 0
0; 0
0; 0
0; 0
0; 0
0; 0
0; 0
0; 0
0; 0
0; 0
0; 0
0; 0
0; 0
0; 0
0; 0
0; 0
0; 0
0; 0
0; 0
0; 0
0; 0
0; 0
0; 0
0; 0
0; 0
0; 0
0; 0
0; 0
0; 0
0; 0
0; 0
0; 0
0; 0
0; 0
0; 0
0; 0
0; 0
0; 0
0; 0
0; 0
0; 0
0; 0
0; 0
0; 0
0; 0
0; 0
0; 0
0; 0
0; 0
0; 0
0; 0
0; 0
0; 0
0; 0
0; 0
0; 0
0; 0
0; 0
0; 0
0; 0
0; 0
0; 0
0; 0
0; 0
0; 0
0; 0
0; 0
0; 0
0; 0
0; 0
0; 0
0; 0
0; 0
0; 0
0; 0
0; 0
0; 0
0; 0
0; 0
0; 0
0; 0
0; 0
0; 0
0; 0
0; 0
0; 0
0; 0
0; 0
0; 0
0; 0
0; 0
0; 0
0; 0
0; 0
0; 0
0; 0
0; 0
0; 0
0; 0
0; 0
0; 0
0; 0
0; 0
0; 0
0; 0
0; 0
0; 0
0; 0
0; 0
0; 0
0; 0
0; 0
0; 0
0; 0
0; 0
0; 0
0; 0
0; 0
0; 0
0; 0
0; 0
0; 0
0; 0
0; 0
0; 0
0; 0
0; 0
0; 0
0; 0
0; 0
0; 0
0; 0
0; 0
0; 0
0; 0
0; 0
0; 0
0; 0
0; 0
0; 0
0; 0
0; 0
0; 0
0; 0
0; 0
0; 0
0; 0
0; 0
0; 0
0; 0
0; 0
0; 0
0; 0
0; 0
0; 0
0; 0
0; 0
0; 0
0; 0
0; 0
0; 0
0; 0
0; 0
0; 0
0; 0
0; 0
0; 0
0; 0
0; 0
0; 0
0; 0
0; 0
0; 0
0; 0
0; 0
0; 0
0; 0
0; 0
0; 0
0; 0
0; 0
0; 0
0; 0
0; 0
0; 0
0; 0
0; 0
0; 0
0; 0
0; 0
0; 0
0; 0
0; 0
0; 0
0; 0
0; 0
0; 0
0; 0
0; 0
0; 0
0; 0
0; 0
0; 0
0; 0
0; 0
0; 0
0; 0
0; 0
0; 0
0; 0
0; 0
0; 0
0; 0
0; 0
0; 0
0; 0
0; 0
0; 0
0; 0
0; 0
0; 0
0; 0
0; 0
0; 0
0; 0
0; 0
0; 0
0; 0
0; 0
0; 0
0; 0
0; 0
0; 0
0; 0
0; 0
0; 0
0; 0
0; 0
0; 0
0; 0
0; 0
0; 0
0; 0
0; 0
0; 0
0; 0
0; 0
0; 0
0; 0
0; 0
0; 0
0; 0
0; 0
0; 0
0; 0
0; 0
0; 0
0; 0
0; 0
0; 0
0; 0
0; 0
0; 0
0; 0
0; 0
0; 0
0; 0
0; 0
0; 0
0; 0
0; 0
0; 0
0; 0
0; 0
0; 0
0; 0
0; 0
0; 0
0; 0
0; 0
0; 0
0; 0
0; 0
0; 0
0; 0
0; 0
0; 0
0; 0
0; 0
0; 0
0; 0
0; 0
0; 0
0; 0
0; 0
0; 0
0; 0
0; 0
0; 0
0; 0
0; 0
0; 0
0; 0
0; 0
0; 0
0; 0
0; 0
0; 0
0; 0
0; 0
0; 0
0; 0
0; 0
0; 0
0; 0
0; 0
0; 0
0; 0
0; 0
0; 0
0; 0
0; 0
0; 0
0; 0
0; 0
0; 0
0; 0
0; 0
0; 0
0; 0
0; 0
0; 0
0; 0
0; 0
0; 0
0; 0
0; 0
0; 0
0; 0
0; 0
0; 0
0; 0
0; 0
0; 0
0; 0
0; 0
0; 0
0; 0
0; 0
0; 0
0; 0
0; 0
0; 0
0; 0
0; 0
0; 0
0; 0
0; 0
0; 0
0; 0
0; 0
0; 0
0; 0
0; 0
0; 0
0; 0
0; 0
0; 0
0; 0
0; 0
0; 0
0; 0
0; 0
0; 0
0; 0
0; 0
0; 0
0; 0
0; 0
0; 0
0; 0
0; 0
0; 0
0; 0
0; 0
0; 0
0; 0
0; 0
0; 0
0; 0
0; 0
0; 0
0; 0
0; 0
0; 0
0; 0
0; 0
0; 0
0; 0
0; 0
0; 0
0; 0
0; 0
0; 0
0; 0
0; 0
0; 0
0; 0
0; 0
0; 0
0; 0
0; 0
0; 0
0; 0
0; 0
0; 0
0; 0
0; 0
0; 0
0; 0
0; 0
0; 0
0; 0
0; 0
0; 0
0; 0
0; 0
0; 0
0; 0
0; 0
0; 0
0; 0
0; 0
0; 0
0; 0
0; 0
0; 0
0; 0
0; 0
0; 0
0; 0
0; 0
0; 0
0; 0
0; 0
0; 0
0; 0
0; 0
0; 0
0; 0
0; 0
0; 0
0; 0
0; 0
0; 0
0; 0
0; 0
0; 0
0; 0
0; 0
0; 0
0; 0
0; 0
0; 0
0; 0
0; 0
0; 0
0; 0
0; 0
0; 0
0; 0
0; 0
0; 0
0; 0
0; 0
0; 0
0; 0
0; 0
0; 0
0; 0
0; 0
0; 0
0; 0
0; 0
0; 0
0; 0
0; 0
0; 0
0; 0
0; 0
0; 0
0; 0
0; 0
0; 0
0; 0
0; 0
0; 0
0; 0
0; 0
0; 0
0; 0
0; 0
0; 0
0; 0
0; 0
0; 0
0; 0
0; 0
0; 0
0; 0
0; 0
0; 0
0; 0
0; 0
0; 0
0; 0
0; 0
0; 0
0; 0
0; 0
0; 0
0; 0
0; 0
0; 0
0; 0
0; 0
0; 0
0; 0
0; 0
0; 0
0; 0
0; 0
0; 0
0; 0
0; 0
0; 0
0; 0
0; 0
0; 0
0; 0
0; 0
0; 0
0; 0
0; 0
0; 0
0; 0
0; 0
0; 0
0; 0
0; 0
0; 0
0; 0
0; 0
0; 0
0; 0
0; 0
0; 0
0; 0
0; 0
0; 0
0; 0
0; 0
0; 0
0; 0
0; 0
0; 0
0; 0
0; 0
0; 0
0; 0
0; 0
0; 0
0; 0
0; 0
0; 0
0; 0
0; 0
0; 0
0; 0
0; 0
0; 0
0; 0
0; 0
0; 0
0; 0
0; 0
0; 0
0; 0
0; 0
0; 0
0; 0
0; 0
0; 0
0; 0
0; 0
0; 0
0; 0
0; 0
0; 0
0; 0
0; 0
0; 0
0; 0
0; 0
0; 0
0; 0
0; 0
0; 0
0; 0
0; 0
0; 0
0; 0
0; 0
0; 0
0; 0
0; 0
0; 0
0; 0
0; 0
0; 0
0; 0
0; 0
0; 0
0; 0
0; 0
0; 0
0; 0
0; 0
0; 0
0; 0
0; 0
0; 0
0; 0
0; 0
0; 0
0; 0
0; 0
0; 0
0; 0
0; 0
0; 0
0; 0
0; 0
0; 0
0; 0
0; 0
0; 0
0; 0
0; 0
0; 0
0; 0
0; 0
0; 0
0; 0
0; 0
0; 0
0; 0
0; 0
0; 0
0; 0
0; 0
0; 0
0; 0
0; 0
0; 0
0; 0
0; 0
0; 0
0; 0
0; 0
0; 0
0; 0
0; 0
0; 0
0; 0
0; 0
0; 0
0; 0
0; 0
0; 0
0; 0
0; 0
0; 0
0; 0
0; 0
0; 0
0; 0
0; 0
0; 0
0; 0
0; 0
0; 0
0; 0
0; 0
0; 0
0; 0
0; 0
0; 0
0; 0
0; 0
0; 0
0; 0
0; 0
0; 0
0; 0
0; 0
0; 0
0; 0
0; 0
0; 0
0; 0
0; 0
0; 0
0; 0
0; 0
0; 0
0; 0
0; 0
0; 0
0; 0
0; 0
0; 0
0; 0
0; 0
0; 0
0; 0
0; 0
0; 0
0; 0
0; 0
0; 0
0; 0
0; 0
0; 0
0; 0
0; 0
0; 0
0; 0
0; 0
0; 0
0; 0
0; 0
0; 0
0; 0
0; 0
0; 0
0; 0
0; 0
0; 0
0; 0
0; 0
0; 0
0; 0
0; 0
0; 0
0; 0
0; 0
0; 0
0; 0
0; 0
0; 0
0; 0
0; 0
0; 0
0; 0
0; 0
0; 0
0; 0
0; 0
0; 0
0; 0
0; 0
0; 0
0; 0
0; 0
0; 0
0; 0
0; 0
0; 0
0; 0
0; 0
0; 0
0; 0
0; 0
0; 0
0; 0
0; 0
0; 0
0; 0
0; 0
0; 0
0; 0
0; 0
0; 0
0; 0
0; 0
0; 0
0; 0
0; 0
0; 0
0; 0
0; 0
0; 0
0; 0
0; 0
0; 0
0; 0
0; 0
0; 0
0; 0
0; 0
0; 0
0; 0
0; 0
0; 0
0; 0
0; 0
0; 0
0; 0
0; 0
0; 0
0; 0
0; 0
0; 0
0; 0
0; 0
0; 0
0; 0
0; 0
0; 0
0; 0
0; 0
0; 0
0; 0
0; 0
0; 0
0; 0
0; 0
0; 0
0; 0
0; 0
0; 0
0; 0
0; 0
0; 0
0; 0
0; 0
0; 0
0; 0
0; 0
0; 0
0; 0
0; 0
0; 0
0; 0
0; 0
0; 0
0; 0
0; 0
0; 0
0; 0
0; 0
0; 0
0; 0
0; 0
0; 0
0; 0
0; 0
0; 0
0; 0
0; 0
0; 0
0; 0
0; 0
0; 0
0; 0
0; 0
0; 0
0; 0
0; 0
0; 0
0; 0
0; 0
0; 0
0; 0
0; 0
0; 0
0; 0
0; 0
0; 0
0; 0
0; 0
0; 0
0; 0
0; 0
0; 0
0; 0
0; 0
0; 0
0; 0
0; 0
0; 0
0; 0
0; 0
0; 0
0; 0
0; 0
0; 0
0; 0
0; 0
0; 0
0; 0
0; 0
0; 0
0; 0
0; 0
0; 0
0; 0
0; 0
0; 0
0; 0
0; 0
0; 0
0; 0
0; 0
0; 0
0; 0
0; 0
0; 0
0; 0
0; 0
0; 0
0; 0
0; 0
0; 0
0; 0
0; 0
0; 0
0; 0
0; 0
0; 0
0; 0
0; 0
0; 0
0; 0
0; 0
0; 0
0; 0
0; 0
0; 0
0; 0
0; 0
0; 0
0; 0
0; 0
0; 0
0; 0
0; 0
0; 0
0; 0
0; 0
0; 0
0; 0
0; 0
0; 0
0; 0
0; 0
0; 0
0; 0
0; 0
0; 0
0; 0
0; 0
0; 0
0; 0
0; 0
0; 0
0; 0
0; 0
0; 0
0; 0
0; 0
0; 0
0; 0
0; 0
0; 0
0; 0
0; 0
0; 0
0; 0
0; 0
0; 0
0; 0
0; 0
0; 0
0; 0
0; 0
0; 0
0; 0
0; 0
0; 0
0; 0
0; 0
0; 0
0; 0
0; 0
0; 0
0; 0
0; 0
0; 0
0; 0
0; 0
0; 0
0; 0
0; 0
0; 0
0; 0
0; 0
0; 0
0; 0
0; 0
0; 0
0; 0
0; 0
0; 0
0; 0
0; 0
0; 0
0; 0
0; 0
0; 0
0; 0
0; 0
0; 0
0; 0
0; 0
0; 0
0; 0
0; 0
0; 0
0; 0
0; 0
0; 0
0; 0
0; 0
0; 0
0; 0
0; 0
0; 0
0; 0
0; 0
0; 0
0; 0
0; 0
0; 0
0; 0
0; 0
0; 0
0; 0
0; 0
0; 0
0; 0
0; 0
0; 0
0; 0
0; 0
0; 0
0; 0
0; 0
0; 0
0; 0
0; 0
0; 0
0; 0
0; 0
0; 0
0; 0
0; 0
0; 0
0; 0
0; 0
0; 0
0; 0
0; 0
0; 0
0; 0
0; 0
0; 0
0; 0
0; 0
0; 0
0; 0
0; 0
0; 0
0; 0
0; 0
0; 0
0; 0
0; 0
0; 0
0; 0
0; 0
0; 0
0; 0
0; 0
0; 0
0; 0
0; 0
0; 0
0; 0
0; 0
0; 0
0; 0
0; 0
0; 0
0; 0
0; 0
0; 0
0; 0
0; 0
0; 0
0; 0
0; 0
0; 0
0; 0
0; 0
0; 0
0; 0
0; 0
0; 0
0; 0
0; 0
0; 0
0; 0
0; 0
0; 0
0; 0
0; 0
0; 0
0; 0
0; 0
0; 0
0; 0
0; 0
0; 0
0; 0
0; 0
0; 0
0; 0
0; 0
0; 0
0; 0
0; 0
0; 0
0; 0
0; 0
0; 0
0; 0
0; 0
0; 0
0; 0
0; 0
0; 0
0; 0
0; 0
0; 0
0; 0
0; 0
0; 0
0; 0
0; 0
0; 0
0; 0
0; 0
0; 0
0; 0
0; 0
0; 0
0; 0
0; 0
0; 0
0; 0
0; 0
0; 0
0; 0
0; 0
0; 0
0; 0
0; 0
0; 0
0; 0
0; 0
0; 0
0; 0
0; 0
0; 0
0; 0
0; 0
0; 0
0; 0
0; 0
0; 0
0; 0
0; 0
0; 0
0; 0
0; 0
0; 0
0; 0
0; 0
0; 0
0; 0
0; 0
0; 0
0; 0
0; 0
0; 0
0; 0
0; 0
0; 0
0; 0
0; 0
0; 0
0; 0
0; 0
0; 0
0; 0
0; 0
0; 0
0; 0
0; 0
0; 0
0; 0
0; 0
0; 0
0; 0
0; 0
0; 0
0; 0
0; 0
0; 0
0; 0
0; 0
0; 0
0; 0
0; 0
0; 0
0; 0
0; 0
0; 0
0; 0
0; 0
0; 0
0; 0
0; 0
0; 0
0; 0
0; 0
0; 0
0; 0
0; 0
0; 0
0; 0
0; 0
0; 0
0; 0
0; 0
0; 0
0; 0
0; 0
0; 0
0; 0
0; 0
0; 0
0; 0
0; 0
0; 0
0; 0
0; 0
0; 0
0; 0
0; 0
0; 0
0; 0
0; 0
0; 0
0; 0
0; 0
0; 0
0; 0
0; 0
0; 0
0; 0
0; 0
0; 0
0; 0
0; 0
0; 0
0; 0
0; 0
0; 0
0; 0
0; 0
0; 0
0; 0
0; 0
0; 0
0; 0
0; 0
0; 0
0; 0
0; 0
0; 0
0; 0
0; 0
0; 0
0; 0
0; 0
0; 0
0; 0
0; 0
0; 0
0; 0
0; 0
0; 0
0; 0
0; 0
0; 0
0; 0
0; 0
0; 0
0; 0
0; 0
0; 0
0; 0
0; 0
0; 0
0; 0
0; 0
0; 0
0; 0
0; 0
0; 0
0; 0
0; 0
0; 0
0; 0
0; 0
0; 0
0; 0
0; 0
0; 0
0; 0
0; 0
0; 0
0; 0
0; 0
0; 0
0; 0
0; 0
0; 0
0; 0
0; 0
0; 0
0; 0
0; 0
0; 0
0; 0
0; 0
0; 0
0; 0
0; 0
0; 0
0; 0
0; 0
0; 0
0; 0
0; 0
0; 0
0; 0
0; 0
0; 0
0; 0
0; 0
0; 0
0; 0
0; 0
0; 0
0; 0
0; 0
0; 0
0; 0
0; 0
0; 0
0; 0
0; 0
0; 0
0; 0
0; 0
0; 0
0; 0
0; 0
0; 0
0; 0
0; 0
0; 0
0; 0
0; 0
0; 0
0; 0
0; 0
0; 0
0; 0
0; 0
0; 0
0; 0
0; 0
0; 0
0; 0
0; 0
0; 0
0; 0
0; 0
0; 0
0; 0
0; 0
0; 0
0; 0
0; 0
0; 0
0; 0
0; 0
0; 0
0; 0
0; 0
0; 0
0; 0
0; 0
0; 0
0; 0
0; 0
0; 0
0; 0
0; 0
0; 0
0; 0
0; 0
0; 0
0; 0
0; 0
0; 0
0; 0
0; 0
0; 0
0; 0
0; 0
0; 0
0; 0
0; 0
0; 0
0; 0
0; 0
0; 0
0; 0
0; 0
0; 0
0; 0
0; 0
0; 0
0; 0
0; 0
0; 0
0; 0
0; 0
0; 0
0; 0
0; 0
0; 0
0; 0
0; 0
0; 0
0; 0
0; 0
0; 0
0; 0
0; 0
0; 0
0; 0
0; 0
0; 0
0; 0
0; 0
0; 0
0; 0
0; 0
0; 0
0; 0
0; 0
0; 0
0; 0
0; 0
0; 0
0; 0
0; 0
0; 0
0; 0
0; 0
0; 0
0; 0
0; 0
0; 0
0; 0
0; 0
0; 0
0; 0
0; 0
0; 0
0; 0
0; 0
0; 0
0; 0
0; 0
0; 0
0; 0
0; 0
0; 0
0; 0
0; 0
0; 0
0; 0
0; 0
0; 0
0; 0
0; 0
0; 0
0; 0
0; 0
0; 0
0; 0
0; 0
0; 0
0; 0
0; 0
0; 0
0; 0
0; 0
0; 0
0; 0
0; 0
0; 0
0; 0
0; 0
0; 0
0; 0
0; 0
0; 0
0; 0
0; 0
0; 0
0; 0
0; 0
0; 0
0; 0
0; 0
0; 0
0; 0
0; 0
0; 0
0; 0
0; 0
0; 0
0; 0
0; 0
0; 0
0; 0
0; 0
0; 0
0; 0
0; 0
0; 0
0; 0
0; 0
0; 0
0; 0
0; 0
0; 0
0; 0
0; 0
0; 0
0; 0
0; 0
0; 0
0; 0
0; 0
0; 0
0; 0
0; 0
0; 0
0; 0
0; 0
0; 0
0; 0
0; 0
0; 0
0; 0
0; 0
0; 0
0; 0
0; 0
0; 0
0; 0
0; 0
0; 0
0; 0
0; 0
0; 0
0; 0
0; 0
0; 0
0; 0
0; 0
0; 0
0; 0
0; 0
0; 0
0; 0
0; 0
0; 0
0; 0
0; 0
0; 0
0; 0
0; 0
0; 0
0; 0
0; 0
0; 0
0; 0
0; 0
0; 0
0; 0
0; 0
0; 0
0; 0
0; 0
0; 0
0; 0
0; 0
0; 0
0; 0
0; 0
0; 0
0; 0
0; 0
0; 0
0; 0
0; 0
0; 0
0; 0
0; 0
0; 0
0; 0
0; 0
0; 0
0; 0
0; 0
0; 0
0; 0
0; 0
0; 0
0; 0
0; 0
0; 0
0; 0
0; 0
0; 0
0; 0
0; 0
0; 0
0; 0
0; 0
0; 0
0; 0
0; 0
0; 0
0; 0
0; 0
0; 0
0; 0
0; 0
0; 0
0; 0
0; 0
0; 0
0; 0
0; 0
0; 0
0; 0
0; 0
0; 0
0; 0
0; 0
0; 0
0; 0
0; 0
0; 0
0; 0
0; 0
0; 0
0; 0
0; 0
0; 0
0; 0
0; 0
0; 0
0; 0
0; 0
0; 0
0; 0
0; 0
0; 0
0; 0
0; 0
0; 0
0; 0
0; 0
0; 0
0; 0
0; 0
0; 0
0; 0
0; 0
0; 0
0; 0
0; 0
0; 0
0; 0
0; 0
0; 0
0; 0
0; 0
0; 0
0; 0
0; 0
0; 0
0; 0
0; 0
0; 0
0; 0
0; 0
0; 0
0; 0
0; 0
0; 0
0; 0
0; 0
0; 0
0; 0
0; 0
0; 0
0; 0
0; 0
0; 0
0; 0
0; 0
0; 0
0; 0
0; 0
0; 0
0; 0
0; 0
0; 0
0; 0
0; 0
0; 0
0; 0
0; 0
0; 0
0; 0
0; 0
0; 0
0; 0
0; 0
0; 0
0; 0
0; 0
0; 0
0; 0
0; 0
0; 0
0; 0
0; 0
0; 0
0; 0
0; 0
0; 0
0; 0
0; 0
0; 0
0; 0
0; 0
0; 0
0; 0
0; 0
0; 0
0; 0
0; 0
0; 0
0; 0
0; 0
0; 0
0; 0
0; 0
0; 0
0; 0
0; 0
0; 0
0; 0
0; 0
0; 0
0; 0
0; 0
0; 0
0; 0
0; 0
0; 0
0; 0
0; 0
0; 0
0; 0
0; 0
0; 0
0; 0
0; 0
0; 0
0; 0
0; 0
0; 0
0; 0
0; 0
0; 0
0; 0
0; 0
0; 0
0; 0
0; 0
0; 0
0; 0
0; 0
0; 0
0; 0
0; 0
0; 0
0; 0
0; 0
0; 0
0; 0
0; 0
0; 0
0; 0
0; 0
0; 0
0; 0
0; 0
0; 0
0; 0
0; 0
0; 0
0; 0
0; 0
0; 0
0; 0
0; 0
0; 0
0; 0
0; 0
0; 0
0; 0
0; 0
0; 0
0; 0
0; 0
0; 0
0; 0
0; 0
0; 0
0; 0
0; 0
0; 0
0; 0
0; 0
0; 0
0; 0
0; 0
0; 0
0; 0
0; 0
0; 0
0; 0
0; 0
0; 0
0; 0
0; 0
0; 0
0; 0
0; 0
0; 0
0; 0
0; 0
0; 0
0; 0
0; 0
0; 0
0; 0
0; 0
0; 0
0; 0
0; 0
0; 0
0; 0
0; 0
0; 0
0; 0
0; 0
0; 0
0; 0
0; 0
0; 0
0; 0
0; 0
0; 0
0; 0
0; 0
0; 0
0; 0
0; 0
0; 0
0; 0
0; 0
0; 0
0; 0
0; 0
0; 0
0; 0
0; 0
0; 0
0; 0
0; 0
0; 0
0; 0
0; 0
0; 0
0; 0
0; 0
0; 0
0; 0
0; 0
0; 0
0; 0
0; 0
0; 0
0; 0
0; 0
0; 0
0; 0
0; 0
0; 0
0; 0
0; 0
0; 0
0; 0
0; 0
0; 0
0; 0
0; 0
0; 0
0; 0
0; 0
0; 0
0; 0
0; 0
0; 0
0; 0
0; 0
0; 0
0; 0
0; 0
0; 0
0; 0
0; 0
0; 0
0; 0
0; 0
0; 0
0; 0
0; 0
0; 0
0; 0
0; 0
0; 0
0; 0
0; 0
0; 0
0; 0
0; 0
0; 0
0; 0
0; 0
0; 0
0; 0
0; 0
0; 0
0; 0
0; 0
0; 0
0; 0
0; 0
0; 0
0; 0
0; 0
0; 0
0; 0
0; 0
0; 0
0; 0
0; 0
0; 0
0; 0
0; 0
0; 0
0; 0
0; 0
0; 0
0; 0
0; 0
0; 0
0; 0
0; 0
0; 0
0; 0
0; 0
0; 0
0; 0
0; 0
0; 0
0; 0
0; 0
0; 0
0; 0
0; 0
0; 0
0; 0
0; 0
0; 0
0; 0
0; 0
0; 0
0; 0
0; 0
0; 0
0; 0
0; 0
0; 0
0; 0
0; 0
0; 0
0; 0
0; 0
0; 0
0; 0
0; 0
0; 0
0; 0
0; 0
0; 0
0; 0
0; 0
0; 0
0; 0
0; 0
0; 0
0; 0
0; 0
0; 0
0; 0
0; 0
0; 0
0; 0
0; 0
0; 0
0; 0
0; 0
0; 0
0; 0
0; 0
0; 0
0; 0
0; 0
0; 0
0; 0
0; 0
0; 0
0; 0
0; 0
0; 0
0; 0
0; 0
0; 0
0; 0
0; 0
0; 0
0; 0
0; 0
0; 0
0; 0
0; 0
0; 0
0; 0
0; 0
0; 0
0; 0
0; 0
0; 0
0; 0
0; 0
0; 0
0; 0
0; 0
0; 0
0; 0
0; 0
0; 0
0; 0
0; 0
0; 0
0; 0
0; 0
0; 0
0; 0
0; 0
0; 0
0; 0
0; 0
0; 0
0; 0
0; 0
0; 0
0; 0
0; 0
0; 0
0; 0
0; 0
0; 0
0; 0
0; 0
0; 0
0; 0
0; 0
0; 0
0; 0
0; 0
0; 0
0; 0
0; 0
0; 0
0; 0
0; 0
0; 0
0; 0
0; 0
0; 0
0; 0
0; 0
0; 0
0; 0
0; 0
0; 0
0; 0
0; 0
0; 0
0; 0
0; 0
0; 0
0; 0
0; 0
0; 0
0; 0
0; 0
0; 0
0; 0
0; 0
0; 0
0; 0
0; 0
0; 0
0; 0
0; 0
0; 0
0; 0
0; 0
0; 0
0; 0
0; 0
0; 0
0; 0
0; 0
0; 0
0; 0
0; 0
0; 0
0; 0
0; 0
0; 0
0; 0
0; 0
0; 0
0; 0
0; 0
0; 0
0; 0
0; 0
0; 0
0; 0
0; 0
0; 0
0; 0
0; 0
0; 0
0; 0
0; 0
0; 0
0; 0
0; 0
0; 0
0; 0
0; 0
0; 0
0; 0
0; 0
0; 0
0; 0
0; 0
0; 0
0; 0
0; 0
0; 0
0; 0
0; 0
0; 0
0; 0
0; 0
0; 0
0; 0
0; 0
0; 0
0; 0
0; 0
0; 0
0; 0
0; 0
0; 0
0; 0
0; 0
0; 0
0; 0
0; 0
0; 0
0; 0
0; 0
0; 0
0; 0
0; 0
0; 0
0; 0
0; 0
0; 0
0; 0
0; 0
0; 0
0; 0
0; 0
0; 0
0; 0
0; 0
0; 0
0; 0
0; 0
0; 0
0; 0
0; 0
0; 0
0; 0
0; 0
0; 0
0; 0
0; 0
0; 0
0; 0
0; 0
0; 0
0; 0
0; 0
0; 0
0; 0
0; 0
0; 0
0; 0
0; 0
0; 0
0; 0
0; 0
0; 0
0; 0
0; 0
0; 0
0; 0
0; 0
0; 0
0; 0
0; 0
0; 0
0; 0
0; 0
0; 0
0; 0
0; 0
0; 0
0; 0
0; 0
0; 0
0; 0
0; 0
0; 0
0; 0
0; 0
0; 0
0; 0
0; 0
0; 0
0; 0
0; 0
0; 0
0; 0
0; 0
0; 0
0; 0
0; 0
0; 0
0; 0
0; 0
0; 0
0; 0
0; 0
0; 0
0; 0
0; 0
0; 0
0; 0
0; 0
0; 0
0; 0
0; 0
0; 0
0; 0
0; 0
0; 0
0; 0
0; 0
0; 0
0; 0
0; 0
0; 0
0; 0
0; 0
0; 0
0; 0
0; 0
0; 0
0; 0
0; 0
0; 0
0; 0
0; 0
0; 0
0; 0
0; 0
0; 0
0; 0
0; 0
0; 0
0; 0
0; 0
0; 0
0; 0
0; 0
0; 0
0; 0
0; 0
0; 0
0; 0
0; 0
0; 0
0; 0
0; 0
0; 0
0; 0
0; 0
0; 0
0; 0
0; 0
0; 0
0; 0
0; 0
0; 0
0; 0
0; 0
0; 0
0; 0
0; 0
0; 0
0; 0
0; 0
0; 0
0; 0
0; 0
0; 0
0; 0
0; 0
0; 0
0; 0
0; 0
0; 0
0; 0
0; 0
0; 0
0; 0
0; 0
0; 0
0; 0
0; 0
0; 0
0; 0
0; 0
0; 0
0; 0
0; 0
0; 0
0; 0
0; 0
0; 0
0; 0
0; 0
0; 0
0; 0
0; 0
0; 0
0; 0
0; 0
0; 0
0; 0
0; 0
0; 0
0; 0
0; 0
0; 0
0; 0
0; 0
0; 0
0; 0
0; 0
0; 0
0; 0
0; 0
0; 0
0; 0
0; 0
0; 0
0; 0
0; 0
0; 0
0; 0
0; 0
0; 0
0; 0
0; 0
0; 0
0; 0
0; 0
0; 0
0; 0
0; 0
0; 0
0; 0
0; 0
0; 0
0; 0
0; 0
0; 0
0; 0
0; 0
0; 0
0; 0
0; 0
0; 0
0; 0
0; 0
0; 0
0; 0
0; 0
0; 0
0; 0
0; 0
0; 0
0; 0
0; 0
0; 0
0; 0
0; 0
0; 0
0; 0
0; 0
0; 0
0; 0
0; 0
0; 0
0; 0
0; 0
0; 0
0; 0
0; 0
0; 0
0; 0
0; 0
0; 0
0; 0
0; 0
0; 0
0; 0
0; 0
0; 0
0; 0
0; 0
0; 0
0; 0
0; 0
0; 0
0; 0
0; 0
0; 0
0; 0
0; 0
0; 0
0; 0
0; 0
0; 0
0; 0
0; 0
0; 0
0; 0
0; 0
0; 0
0; 0
0; 0
0; 0
0; 0
0; 0
0; 0
0; 0
0; 0
0; 0
0; 0
0; 0
0; 0
0; 0
0; 0
0; 0
0; 0
0; 0
0; 0
0; 0
0; 0
0; 0
0; 0
0; 0
0; 0
0; 0
0; 0
0; 0
0; 0
0; 0
0; 0
0; 0
0; 0
0; 0
0; 0
0; 0
0; 0
0; 0
0; 0
0; 0
0; 0
0; 0
0; 0
0; 0
0; 0
0; 0
0; 0
0; 0
0; 0
0; 0
0; 0
0; 0
0; 0
0; 0
0; 0
0; 0
0; 0
0; 0
0; 0
0; 0
0; 0
0; 0
0; 0
0; 0
0; 0
0; 0
0; 0
0; 0
0; 0
0; 0
0; 0
0; 0
0; 0
0; 0
0; 0
0; 0
0; 0
0; 0
0; 0
0; 0
0; 0
0; 0
0; 0
0; 0
0; 0
0; 0
0; 0
0; 0
0; 0
0; 0
0; 0
0; 0
0; 0
0; 0
0; 0
0; 0
0; 0
0; 0
0; 0
0; 0
0; 0
0; 0
0; 0
0; 0
0; 0
0; 0
0; 0
0; 0
0; 0
0; 0
0; 0
0; 0
0; 0
0; 0
0; 0
0; 0
0; 0
0; 0
0; 0
0; 0
0; 0
0; 0
0; 0
0; 0
0; 0
0; 0
0; 0
0; 0
0; 0
0; 0
0; 0
0; 0
0; 0
0; 0
0; 0
0; 0
0; 0
0; 0
0; 0
0; 0
0; 0
0; 0
0; 0
0; 0
0; 0
0; 0
0; 0
0; 0
0; 0
0; 0
0; 0
0; 0
0; 0
0; 0
0; 0
0; 0
0; 0
0; 0
0; 0
0; 0
0; 0
0; 0
0; 0
0; 0
0; 0
0; 0
0; 0
0; 0
0; 0
0; 0
0; 0
0; 0
0; 0
0; 0
0; 0
0; 0
0; 0
0; 0
0; 0
0; 0
0; 0
0; 0
0; 0
0; 0
0; 0
0; 0
0; 0
0; 0
0; 0
0; 0
0; 0
0; 0
0; 0
0; 0
0; 0
0; 0
0; 0
0; 0
0; 0
0; 0
0; 0
0; 0
0; 0
0; 0
0; 0
0; 0
0; 0
0; 0
0; 0
0; 0
0; 0
0; 0
0; 0
0; 0
0; 0
0; 0
0; 0
0; 0
0; 0
0; 0
0; 0
0; 0
0; 0
0; 0
0; 0
0; 0
0; 0
0; 0
0; 0
0; 0
0; 0
0; 0
0; 0
0; 0
0; 0
0; 0
0; 0
0; 0
0; 0
0; 0
0; 0
0; 0
0; 0
0; 0
0; 0
0; 0
0; 0
0; 0
0; 0
0; 0
0; 0
0; 0
0; 0
0; 0
0; 0
0; 0
0; 0
0; 0
0; 0
0; 0
0; 0
0; 0
0; 0
0; 0
0; 0
0; 0
0; 0
0; 0
0; 0
0; 0
0; 0
0; 0
0; 0
0; 0
0; 0
0; 0
0; 0
0; 0
0; 0
0; 0
0; 0
0; 0
0; 0
0; 0
0; 0
0; 0
0; 0
0; 0
0; 0
0; 0
0; 0
0; 0
0; 0
0; 0
0; 0
0; 0
0; 0
0; 0
0; 0
0; 0
0; 0
0; 0
0; 0
0; 0
0; 0
0; 0
0; 0
0; 0
0; 0
0; 0
0; 0
0; 0
0; 0
0; 0
0; 0
0; 0
0; 0
0; 0
0; 0
0; 0
0; 0
0; 0
0; 0
0; 0
0; 0
0; 0
0; 0
0; 0
0; 0
0; 0
0; 0
0; 0
0; 0
0; 0
0; 0
0; 0
0; 0
0; 0
0; 0
0; 0
0; 0
0; 0
0; 0
0; 0
0; 0
0; 0
0; 0
0; 0
0; 0
0; 0
0; 0
0; 0
0; 0
0; 0
0; 0
0; 0
0; 0
0; 0
0; 0
0; 0
0; 0
0; 0
0; 0
0; 0
0; 0
0; 0
0; 0
0; 0
0; 0
0; 0
0; 0
0; 0
0; 0
0; 0
0; 0
0; 0
0; 0
0; 0
0; 0
0; 0
0; 0
0; 0
0; 0
0; 0
0; 0
0; 0
0; 0
0; 0
0; 0
0; 0
0; 0
0; 0
0; 0
0; 0
0; 0
0; 0
0; 0
0; 0
0; 0
0; 0
0; 0
0; 0
0; 0
0; 0
0; 0
0; 0
0; 0
0; 0
0; 0
0; 0
0; 0
0; 0
0; 0
0; 0
0; 0
0; 0
0; 0
0; 0
0; 0
0; 0
0; 0
0; 0
0; 0
0; 0
0; 0
0; 0
0; 0
0; 0
0; 0
0; 0
0; 0
0; 0
0; 0
0; 0
0; 0
0; 0
0; 0
0; 0
0; 0
0; 0
0; 0
0; 0
0; 0
0; 0
0; 0
0; 0
0; 0
0; 0
0; 0
0; 0
0; 0
0; 0
0; 0
0; 0
0; 0
0; 0
0; 0
0; 0
0; 0
0; 0
0; 0
0; 0
0; 0
0; 0
0; 0
0; 0
0; 0
0; 0
0; 0
0; 0
0; 0
0; 0
0; 0
0; 0
0; 0
0; 0
0; 0
0; 0
0; 0
0; 0
0; 0
0; 0
0; 0
0; 0
0; 0
0; 0
0; 0
0; 0
0; 0
0; 0
0; 0
0; 0
0; 0
0; 0
0; 0
0; 0
0; 0
0; 0
0; 0
0; 0
0; 0
0; 0
0; 0
0; 0
0; 0
0; 0
0; 0
0; 0
0; 0
0; 0
0; 0
0; 0
0; 0
0; 0
0; 0
0; 0
0; 0
0; 0
0; 0
0; 0
0; 0
0; 0
0; 0
0; 0
0; 0
0; 0
0; 0
0; 0
0; 0
0; 0
0; 0
0; 0
0; 0
0; 0
0; 0
0; 0
0; 0
0; 0
0; 0
0; 0
0; 0
0; 0
0; 0
0; 0
0; 0
0; 0
0; 0
0; 0
0; 0
0; 0
0; 0
0; 0
0; 0
0; 0
0; 0
0; 0
0; 0
0; 0
0; 0
0; 0
0; 0
0; 0
0; 0
0; 0
0; 0
0; 0
0; 0
0; 0
0; 0
0; 0
0; 0
0; 0
0; 0
0; 0
0; 0
0; 0
0; 0
0; 0
0; 0
0; 0
0; 0
0; 0
0; 0
0; 0
0; 0
0; 0
0; 0
0; 0
0; 0
0; 0
0; 0
0; 0
0; 0
0; 0
0; 0
0; 0
0; 0
0; 0
0; 0
0; 0
0; 0
0; 0
0; 0
0; 0
0; 0
0; 0
0; 0
0; 0
0; 0
0; 0
0; 0
0; 0
0; 0
0; 0
0; 0
0; 0
0; 0
0; 0
0; 0
0; 0
0; 0
0; 0
0; 0
0; 0
0; 0
0; 0
0; 0
0; 0
0; 0
0; 0
0; 0
0; 0
0; 0
0; 0
0; 0
0; 0
0; 0
0; 0
0; 0
0; 0
0; 0
0; 0
0; 0
0; 0
0; 0
0; 0
0; 0
0; 0
0; 0
0; 0
0; 0
0; 0
0; 0
0; 0
0; 0
0; 0
0; 0
0; 0
0; 0
0; 0
0; 0
0; 0
0; 0
0; 0
0; 0
0; 0
0; 0
0; 0
0; 0
0; 0
0; 0
0; 0
0; 0
0; 0
0; 0
0; 0
0; 0
0; 0
0; 0
0; 0
0; 0
0; 0
0; 0
0; 0
0; 0
0; 0
0; 0
0; 0
0; 0
0; 0
0; 0
0; 0
0; 0
0; 0
0; 0
0; 0
0; 0
0; 0
0; 0
0; 0
0; 0
0; 0
0; 0
0; 0
0; 0
0; 0
0; 0
0; 0
0; 0
0; 0
0; 0
0; 0
0; 0
0; 0
0; 0
0; 0
0; 0
0; 0
0; 0
0; 0
0; 0
0; 0
0; 0
0; 0
0; 0
0; 0
0; 0
0; 0
0; 0
0; 0
0; 0
0; 0
0; 0
0; 0
0; 0
0; 0
0; 0
0; 0
0; 0
0; 0
0; 0
0; 0
0; 0
0; 0
0; 0
0; 0
0; 0
0; 0
0; 0
0; 0
0; 0
0; 0
0; 0
0; 0
0; 0
0; 0
0; 0
0; 0
0; 0
0; 0
0; 0
0; 0
0; 0
0; 0
0; 0
0; 0
0; 0
0; 0
0; 0
0; 0
0; 0
0; 0
0; 0
0; 0
0; 0
0; 0
0; 0
0; 0
0; 0
0; 0
0; 0
0; 0
0; 0
0; 0
0; 0
0; 0
0; 0
0; 0
0; 0
0; 0
0; 0
0; 0
0; 0
0; 0
0; 0
0; 0
0; 0
0; 0
0; 0
0; 0
0; 0
0; 0
0; 0
0; 0
0; 0
0; 0
0; 0
0; 0
0; 0
0; 0
0; 0
0; 0
0; 0
0; 0
0; 0
0; 0
0; 0
0; 0
0; 0
0; 0
0; 0
0; 0
0; 0
0; 0
0; 0
0; 0
0; 0
0; 0
0; 0
0; 0
0; 0
0; 0
0; 0
0; 0
0; 0
0; 0
0; 0
0; 0
0; 0
0; 0
0; 0
0; 0
0; 0
0; 0
0; 0
0; 0
0; 0
0; 0
0; 0
0; 0
0; 0
0; 0
0; 0
0; 0
0; 0
0; 0
0; 0
0; 0
0; 0
0; 0
0; 0
0; 0
0; 0
0; 0
0; 0
0; 0
0; 0
0; 0
0; 0
0; 0
0; 0
0; 0
0; 0
0; 0
0; 0
0; 0
0; 0
0; 0
0; 0
0; 0
0; 0
0; 0
0; 0
0; 0
0; 0
0; 0
0; 0
0; 0
0; 0
0; 0
0; 0
0; 0
0; 0
0; 0
0; 0
0; 0
0; 0
0; 0
0; 0
0; 0
0; 0
0; 0
0; 0
0; 0
0; 0
0; 0
0; 0
0; 0
0; 0
0; 0
0; 0
0; 0
0; 0
0; 0
0; 0
0; 0
0; 0
0; 0
0; 0
0; 0
0; 0
0; 0
0; 0
0; 0
0; 0
0; 0
0; 0
0; 0
0; 0
0; 0
0; 0
0; 0
0; 0
0; 0
0; 0
0; 0
0; 0
0; 0
0; 0
0; 0
0; 0
0; 0
0; 0
0; 0
0; 0
0; 0
0; 0
0; 0
0; 0
0; 0
0; 0
0; 0
0; 0
0; 0
0; 0
0; 0
0; 0
0; 0
0; 0
0; 0
0; 0
0; 0
0; 0
0; 0
0; 0
0; 0
0; 0
0; 0
0; 0
0; 0
0; 0
0; 0
0; 0
0; 0
0; 0
0; 0
0; 0
0; 0
0; 0
0; 0
0; 0
0; 0
0; 0
0; 0
0; 0
0; 0
0; 0
0; 0
0; 0
0; 0
0; 0
0; 0
0; 0
0; 0
0; 0
0; 0
0; 0
0; 0
0; 0
0; 0
0; 0
0; 0
0; 0
0; 0
0; 0
0; 0
0; 0
0; 0
0; 0
0; 0
0; 0
0; 0
0; 0
0; 0
0; 0
0; 0
0; 0
0; 0
0; 0
0; 0
0; 0
0; 0
0; 0
0; 0
0; 0
0; 0
0; 0
0; 0
0; 0
0; 0
0; 0
0; 0
0; 0
0; 0
0; 0
0; 0
0; 0
0; 0
0; 0
0; 0
0; 0
0; 0
0; 0
0; 0
0; 0
0; 0
0; 0
0; 0
0; 0
0; 0
0; 0
0; 0
0; 0
0; 0
0; 0
0; 0
0; 0
0; 0
0; 0
0; 0
0; 0
0; 0
0; 0
0; 0
0; 0
0; 0
0; 0
0; 0
0; 0
0; 0
0; 0
0; 0
0; 0
0; 0
0; 0
0; 0
0; 0
0; 0
0; 0
0; 0
0; 0
0; 0
0; 0
0; 0
0; 0
0; 0
0; 0
0; 0
0; 0
0; 0
0; 0
0; 0
0; 0
0; 0
0; 0
0; 0
0; 0
0; 0
0; 0
0; 0
0; 0
0; 0
0; 0
0; 0
0; 0
0; 0
0; 0
0; 0
0; 0
0; 0
0; 0
0; 0
0; 0
0; 0
0; 0
0; 0
0; 0
0; 0
0; 0
0; 0
0; 0
0; 0
0; 0
0; 0
0; 0
0; 0
0; 0
0; 0
0; 0
0; 0
0; 0
0; 0
0; 0
0; 0
0; 0
0; 0
0; 0
0; 0
0; 0
0; 0
0; 0
0; 0
0; 0
0; 0
0; 0
0; 0
0; 0
0; 0
0; 0
0; 0
0; 0
0; 0
0; 0
0; 0
0; 0
0; 0
0; 0
0; 0
0; 0
0; 0
0; 0
0; 0
0; 0
0; 0
0; 0
0; 0
0; 0
0; 0
0; 0
0; 0
0; 0
0; 0
0; 0
0; 0
0; 0
0; 0
0; 0
0; 0
0; 0
0; 0
0; 0
0; 0
0; 0
0; 0
0; 0
0; 0
0; 0
0; 0
0; 0
0; 0
0; 0
0; 0
0; 0
0; 0
0; 0
0; 0
0; 0
0; 0
0; 0
0; 0
0; 0
0; 0
0; 0
0; 0
0; 0
0; 0
0; 0
0; 0
0; 0
0; 0
0; 0
0; 0
0; 0
0; 0
0; 0
0; 0
0; 0
0; 0
0; 0
0; 0
0; 0
0; 0
0; 0
0; 0
0; 0
0; 0
0; 0
0; 0
0; 0
0; 0
0; 0
0; 0
0; 0
0; 0
0; 0
0; 0
0; 0
0; 0
0; 0
0; 0
0; 0
0; 0
0; 0
0; 0
0; 0
0; 0
0; 0
0; 0
0; 0
0; 0
0; 0
0; 0
0; 0
0; 0
0; 0
0; 0
0; 0
0; 0
0; 0
0; 0
0; 0
0; 0
